,Annotator1,Annotator2,Annotator3,label,text clean,index
4,1,1,1,1,se sospendono la serie a a tempo indeterminato 48 ore dopo lotito trova il vaccino,A1238
5,1,1,1,1,"coronavirus, il ministro speranza: ‚Äúfirmato accordo per 400 milioni di dosi del candidato vaccino di oxford pomezia‚Äù link",A651
18,1,1,1,1,"virus cina, scienziati usa al lavoro per vaccino link link",A1363
20,1,1,1,1,"coronavirus, ema possibile disponibilit√† vaccino in un anno - europa - link link",A642
25,1,1,1,1,"#vaccino #modernainc  l'annuncio, ovviamente, √® stato premiato dai mercati finanziari e a wall street l'azienda biotecnologica  americana guadagna il 23,78% a 82,73 dollari. - see more at: link  #covid19",A434
26,1,1,1,1,user user ad oggi √® gi√† stato somministrato ad oltre 320 volontari e potrebbe essere disponibile gi√† a dicembre. si accelerano i tempi per il vaccino anti-covid al quale sta lavorando lo jenner institute della oxford university con la partnership dell‚Äôazienda italiana advent-irbm di pomezi,A228
28,1,1,1,1,"trump vuole il vaccino per il coronavirus in esclusiva per gli usa, l‚Äôira della germania: ‚Äúsar√† per tutto il mondo‚Äù #16marzo link",A1289
36,1,1,1,1,"che vi venga un colpo! ????????????????????????coronavirus, stampa tedesca: washington vuole l'esclusiva di un vaccino - rai news link",A568
42,1,1,1,1,il futuro secondo il virologo andrea crisanti (il vaccino non √® certo) link,A915
46,1,1,1,1,"#coronavirus: pronta la mappa in 3d, utile a #farmaci e #vaccino √® struttura di una delle armi del #virus user user user #ansascienza user link",A388
51,1,1,1,1,"a favore o contro, √® falso che sperimentazioni di possibili vaccino o farmaco contro #coronavirus sono rallentate da legge italiana ""restrittiva"" su test animali. la realt√† del decreto 26-2014 √® altra. speculazioni anti animalisti le rispediamo al mittente link",A463
52,1,1,1,1,"da personaggio pi√π odiato di germania per ragioni legate al suo hoffenheim, il magnate tedesco potrebbe trovare riscatto grazie al vaccino contro il coronavirus al quale lavora la sua casa farmaceutica. alla presunta offerta di trump ha risposto picche. link",A748
57,1,1,1,1,"coronavirus, la corsa al vaccino: 118 candidati, 10 in sperimentazione clinica link",A664
67,1,1,1,1,"coronavirus, qual √® il vaccino annunciato dal ministro speranza che potrebbe arrivare a fine anno link",A680
70,1,1,1,1,"vaccino covid-19, accordo europeo: 'presto in italia 15 milioni di dosi' link",A1329
88,1,1,1,1,coronavirus ricciardi: ‚Äúverso produzione del vaccino in italia in autunno le prime dosi‚Äù -  #coronavirus #ricciardi: #‚Äúverso  link,A612
100,1,1,1,1,"coronavirus, primo test di un vaccino su un essere umano. si lavora anche ai farmaci link",A677
104,1,1,1,1,coronavirus. liguori (irbm pomezia): lavoriamo per produrre presto vaccino link,A724
106,1,1,1,1,"vaccino, test in italia in estate link",A1354
111,1,1,1,1,"user speriamo solo quando troviamo il vaccino europeo, l'italia non lo vende in cina. l'italia ha venduto l'intero paese alla cina, il che causer√† un problema all'intera ue.",A256
114,1,1,1,1,"burioni ma se prendiamo le cellule staminali di keith richards, mick jagger, steve tyler e della regina elisabetta, non ci viene un vaccino coi controcoglioni?",A554
138,1,1,1,1,user user user user user user_rezza user_brusaferro user_paren user pare per√≤ che il titolo anticorpale non sia sufficiente per dare immunizzazione da sars-cov2.,A200
139,1,1,1,1,"coronavirus: coletto, l'universit√† di perugia ha competenze per vaccino link di user",A704
144,1,1,1,1,covid-19: parte negli usa sperimentazione #vaccino a mrna | #ecm link,A739
159,1,1,1,1,il ceo di pfizer: `il vaccino per il covid-19 pu√≤ arrivare entro ottobre` - link link,A910
163,1,1,1,1,"vaccino, ecco perch√© non sar√† per tutti. la sanofi ha gi√† promesso le prime dosi agli usa link di user",A1352
165,1,1,1,1,sfida usa-germania sul vaccino e altre notizie interessanti link link,A1242
166,1,1,1,1,"virus, l'epidemiologo lopalco: ¬´vaccino, 118 prototipi. oxford, usa e cina in¬†testa¬ª link",A1366
194,1,1,1,1,"vaccino, 400 milioni di dosi entro l‚Äôanno. l‚Äôeuropa sigla l‚Äôaccordo con¬†astrazeneca link",A1350
195,1,1,1,1,"""alla fase 2 ci penseremo dopo"" bisognerebbe pensarci ora, proporre un piano, discutere alternative, assumerci responsabilit√†.  che aspettiamo? contagi zero? morti zero? guariti&gt;contagi? il vaccino?  procrastinare vale quanto una decisione sbagliata. link",A17
199,1,1,1,1,"vaccino italiano, in autunno test sull‚Äôuomo. per quello di oxford altri 5mila volontari link",A1343
202,1,1,1,1,volano in borsa le aziende farmaceutiche che stanno studiando il vaccino - link link,A1368
206,1,1,1,1,"caos trump, chiede blocco del libro di bolton: poi lancia il vaccino link",A558
252,1,1,1,1,"italiani se pensate che #trump sia una merda a chiedere il vaccino in esclusiva per gli americani, ricordatevi che salvini √® il suo equivalente italiano e che almeno il 30% di voi lo voterebbe.  la sagra degli stronzi.",A983
257,1,1,1,1,"user user user user sig.ra lorenzin per il vaccino se tutto va bene serviranno pi√π del doppio dei mesi che lei ha pronosticato, infatti proprio stasera si parlava di almeno diciotto mesi.e poi con tutta sincerit√† penso che non sia il momento delle polemiche. ma ora si devono prendere decisioni forti",A127
276,1,1,1,1,"altro che fase 2, fase 3, lockdown e vaccino, il sindaco ha risposto alla vera domanda che angoscia i gaetani: ‚Äúle luminarie? in questo momento non le farei. e poi perch√© no? pu√≤ darsi pure che mi invento un modello di luminarie particolare, senza assembramenti‚Äù. user link",A497
281,1,1,1,1,"la gsk vaccines di siena, guidata dal professor rino rappuoli, entra nella corsa al #vaccino per il #coronavirus link",A1008
288,1,1,1,1,il vaccino italiano contro covid-19 link #pmi,A946
289,1,1,1,1,azienda farmaceutica usa annuncia: ¬´pronti i test sull‚Äôuomo¬ª link,A531
290,1,1,1,1,"coronavirus, meluzzi: 'porti chiusi altrimenti non c'√® vaccino che tenga' link",A670
293,1,1,1,1,ci vorra' piu' di 1 anno per avere un vaccino per il covid-19! link di user,A577
295,1,1,1,1,vaccino covid-19: italia firma accordo per 400 milioni di dosi link via user,A1333
298,1,1,1,1,"covid_19: un vaccino uguale per tutti, in tutti i¬†paesi link",A733
312,1,1,1,1,"#covid19; l‚Äôinnovativo progetto di ricerca utilizza la tecnica della ‚Äúreverse vaccinology 2.0‚Äù per isolare #anticorpi monoclonali umani da pazienti convalescenti o guariti, utili come cura, profilassi e per un futuro #vaccino link",A393
315,1,1,1,1,"#coronavirus, negli #usa oltre 35 mila casi #vaccino russo pronto in 11 mesi  #ansa #23marzo #covid19 link",A378
316,1,1,1,1,vaccino ‚Äì ‚Äòchadox1 ncov-19‚Äô ecco il siero italo-inglese: da settembre i test sui pazienti -  #vaccino #‚Äòchadox1 #ncov-19‚Äô #siero  link,A1315
324,1,1,1,1,"coronavirus, il ‚Äòvaccino-cerotto‚Äô supera i test su animali ma ricciardi frena: pronto non prima di un anno - link link",A650
332,1,1,1,1,"""vaccino, il virus in gran bretagna sta scomparendo: mancano malati per test"" - link link",A43
334,1,1,1,1,"#rt user: #coronavirus, proposta choc: ""infettare persone sane per studi vaccino"" link link",A420
336,1,1,1,1,il governo tedesco il conferma quanto pubblicato oggi da user :lamministrazione trump ha cercato di comprare i virologi tedeschi che lavorano sul vaccino a tubinga e ha offerto ingenti somme in modo che fossero esclusive per gli stati uniti link,A918
340,1,1,1,1,come si distribuiranno le dosi del vaccino anti coronavirus? -  #distribuiranno #vaccino #coronavirus? link,A585
345,1,1,1,1,"germania, no vaccino obbligatorio link",A823
360,1,1,1,1,#allespertochiedo a che punto siamo con un eventuale vaccino? grazie,A352
380,1,1,1,1,"contro il coronavirus non manca solo il vaccino, manca la politica link",A600
392,1,1,1,1,"coronavirus, vaccino vicino. l'istituto migal di israele: ¬´ora test in vivo e avvio produzione¬ª link",A694
399,1,1,1,1,"#coronavirus, il farmacologo garattini: ‚Äòil vaccino forse pronto per fine anno‚Äô link #italia",A375
400,1,1,1,1,vaccino coronavirus: a che punto √® la ricerca? la corsa all'oro | rep link user,A1328
403,1,1,1,1,coronavirus: almeno un anno per un vaccino pronto link,A702
409,1,1,1,1,"user ‚Äúla tubercolosi (contro cui la vaccinazione, qualcuno ha sostenuto, renderebbe immuni al virus, ndr) temo non c‚Äôentri niente."" questo ha detto il prof. galli",A240
421,1,1,1,1,@_dajedepunta_ meno male. posso chiederti come funziona ora per:  - prenotazioni (sempre solo in presenza?) - attesa il giorno del vaccino (c‚Äô√® gente nella saletta o per le scale o si riesce veramente a fare contingentato ingresso?),A61
423,1,1,1,1,azienda usa produce il primo vaccino sperimentale contro il coronavirus link,A532
425,1,1,1,1,"trump offre 1 mld $ ad unÔøΩazienda tedesca, la curevac, per avere in esclusiva per gli usa il brevetto di un vaccino contro il covid-19 in avanzata fase di sviluppo. il governo tedesco vuole che il vaccino resti in germania, per distribuirlo anche nel resto dÔøΩeuropa. #americafirst",A1287
427,1,1,1,1,"user quest'anno sono stati segnalati oltre 3 milioni di casi di influenza stagionale in pi√π rispetto alla scorsa stagione, mi sembra un'enormit√† viste le campagne di vaccinazione: ci potrebbe essere in questo dato una gran parte di casi di coronavirus non diagnosticati?",A210
432,1,1,1,1,gli usa (e bill gates) in pole nella corsa al vaccino per il coronavirus link,A829
445,1,1,1,1,covid-19: cosa succederebbe se il #vaccino non uscisse mai? - #covid19 | link link,A737
464,1,1,1,1,"paolo ascierto (oncologo pascale di napoli): ""#coronavirus, un #vaccino non sar√† pronto entro 10/12 mesi""  le interviste di user user.",A1139
472,1,1,1,1,"coronavirus: vaccino italiano, ok a test pre-clinici  link di user",A722
473,1,1,1,1,"coronavirus, in russia iniziate le sperimentazioni sul vaccino link",A658
486,1,1,1,1,per trovare un vaccino contro il coronavirus serve un nuovo ‚Äúprogetto manhattan‚Äù link,A1156
490,1,1,1,1,"vaccino pomezia-oxford, la gran bretagna prenota 30 milioni di dosi link",A1348
492,1,1,1,1,borrelli: 'a casa anche il 1¬∞ maggio? credo di s√¨. serviranno molte settimane'. guerra (oms): 'il vaccino nel primo trimestre del 2021'  link,A547
495,1,1,1,1,"#coronavirus, #speranza: ‚Äúcontratto con #astrazeneca per 400 milioni dosi #vaccino a europa‚Äù  link",A371
499,1,1,1,1,coronavirus: anche la russia inizia i test per un vaccino link,A703
507,1,1,1,1,ecco il piano di #bruxelles per un vaccino europeo link via user,A796
510,1,1,1,1,"coronavirus, di maio ‚Äúconsenso per proposta italiana su vaccino‚Äù link link",A639
512,1,1,1,1,#israele #polli #polmoniti #vaccino #coronavirus #mondooggi #telaviv #speranza #italia #cina il vaccino israeliano per il covid-19 link link,A404
526,1,1,1,1,"vaccino covid-19, speranza: ‚Äúfirmato contratto insieme a francia, germania e olanda"" link",A1332
528,1,1,1,1,cina. coronavirus: 910 i morti. testato vaccino sui topi link,A579
531,1,1,1,1,conte: ‚Äúallo studio piano per riaperture omogenee. mascherine e distanziamento fino al vaccino. la app‚Ä¶‚Äù link link,A597
535,1,1,1,1,"la storia di moderna, l‚Äôazienda che ha sviluppato il primo vaccino in test per il coronavirus link via user",A1022
537,1,1,1,1,il coronavirus ha un nome: covid- 19. loms: ¬´√® una minaccia peggiore del terrorismo¬ª. vaccino pronto in 18 mesi -  #coronavirus #nome: #covid- #loms:  link,A911
540,1,1,1,1,coronavirus: due cure sperimentali. e l'attesa per il vaccino prof user secondo lei √® attendibile ?  link,A706
541,1,1,1,1,"coronavirus,  il vaccino di oxford che arriver√† anche in italia: ecco come funziona link",A615
542,1,1,1,1,"coronavirus, il vaccino-cerotto ha superato i test di laboratorio: potrebbe essere pronto fra 2 o tre mesi link",A655
543,1,1,1,1,"coronavirus, dalla germania frenano: `un vaccino potrebbe richiedere anni` link",A636
551,1,1,1,1,il ministro tedesco della sanitÔøΩ ha confermato che #trump avrebbe offerto una cifra propositata alla #curevac per rendere il vaccino disponibile solo al mercato americano. ÔøΩ vero? user,A925
554,1,1,1,1,"vaccino oxford, entro l'estate sapremo se funziona contro il covid link",A1346
556,1,1,1,1,"scontro sul vaccino anti-covid, sanofi promette: prima agli¬†usa link di user_finanza",A1227
563,1,1,1,1,coronavirus: il vaccino in un anno in poche settimane test sulluomo -  #coronavirus: #vaccino #poche  link,A715
564,1,1,1,1,inovio: il vaccino per il coronavirus finanziato da bill gates link,A971
567,1,1,1,1,entro fine anno disponibile il vaccino anti covid-19 link,A799
576,1,1,1,1,"coletto, ateneo ha competenze per vaccino - umbria - link link",A581
578,1,1,1,1,""" isolato il #coronavirus, la virologa dello spallanzani:  ‚Äúvi racconto cosa significa e come procederemo adesso per il #vaccino‚Äù paolo russo link via user",A15
580,1,1,1,1,"sanit√†: si lavora su risorse, app immuni e vaccino link",A1223
584,1,1,1,1,creato un vaccino-cerotto contro il #coronavirus: bene i primi test sui topi. la university of pittsburgh school of medicine anticipa: il vaccino potrebbe entrare gi√† entro un mese nei test clinici di fase i su individui. #covid19 #covid19italia,A742
592,1,1,1,1,il #coronavirus e la necessit√† della #sperimentazioneanimale. #vaccino #covid19  link di user,A896
594,1,1,1,1,"#moderna, chi finanzia la societ #usa che lavora al vaccino anti #coronavirus link di user",A414
602,1,1,1,1,"la guerra per il vaccino #covid19 si √® scatenata: governi con  ""citizen first"", big-pharma pronte a incassare tre volte, per ricerca, sviluppo e distribuzione. tempo di cambiare le regole dei brevetti? oggi su user con user_eu  link",A1010
607,1,1,1,1,"#coronavirus, abrignani: ‚Äúvaccino? almeno tra 2 ‚Äì 3 anni‚Äù link #notizie #sapevatelo",A372
609,1,1,1,1,"il vaccino contro il coronavirus parla anche italiano, nel team di ricerca il barese andrea gambotto link di user",A940
615,1,1,1,1,la virologa ilaria capua: 'se questo virus si comporter come il raffreddore non servir un vaccino' link,A1023
617,1,1,1,1,al via la fase di sperimentazione clinica di un possibile vaccino contro il coronavirus negli stati uniti. - (associated press) #covid19 link,A490
636,1,1,1,1,"oms, per il vaccino ancora 12-18 mesi #spaziotransnazionale informa link",A1131
639,1,1,1,1,"ranieri guerra (oms): ""vaccino? se va bene entro il primo trimestre del 2021"" link",A1209
642,1,1,1,1,nicora: ‚Äúin assenza di un vaccino usiamo il¬†plasma‚Äù link,A1106
644,1,1,1,1,coronavirus: al via sperimentazione vaccino di 'takis' sui topi. in autunno sull' uomo link,A700
657,1,1,1,1,"coronavirus, ricciardi: '18 mesi per vaccino ma non prima, per certezza che non faccia male' link #coronavirus",A682
658,1,1,1,1,"coronavirus, speranza ‚Äúaccordo per 400 milioni di dosi di¬†vaccino‚Äù link",A684
680,1,1,1,1,il paradosso degli scienziati di oxford: per mettere a punto il vaccino abbiamo bisogno di nuovi contagiati link,A929
682,1,1,1,1,"user user il vaccino per l'influenza stagionale contiene in parte ceppi virali dell'anno precedente pi√π alcuni ceppi che ""potrebbero"" essere diffusi nell'anno in corso. il vaccino anti influenzale si basa quindi sia su virus pre-esistenti, sia su proiezioni. in questo caso si parte da 0.",A286
688,1,1,1,1,"coronavirus, stati uniti: oggi primo test di una dose di vaccino sperime... link di user",A686
690,1,1,1,1,"coronavirus, negli usa al via test sull'uomo per un vaccino link di user",A671
693,1,1,1,1,coronavirus: il furetto e' il candidato migliore per il vaccino - animali - link link,A708
694,1,1,1,1,"in assenza di un vaccino si usano diversi farmaci antivirali, come quelli che curano l#ebola e la #malaria. sabato scorso a #napoli a due pazienti  stato somministrato un farmaco anti-artrite, con buoni risultati. #coronavirus  link",A958
700,1,1,1,1,"coronavirus, al via da domani in inghilterra la sperimentazione del vaccino sull'uomo link",A622
702,1,1,1,1,"user non √® cambiato nulla da marzo...non c'√® il vaccino,non c'√® una cura, non siamo arrivati a casi positivi 0 (in italia ce ne sono ancora 58.000 positivi che potrebbero contagiare altri...per non parlare degli asintomatici)...la fiducia agli italiano √® stata data...ma... #movida",A138
713,1,1,1,1,|| news.flash || news | euronews rss - la pandemia di covid-19 accelera la sperimentazione del vaccino la pandemia di covid-19 accelera la sperimentazione del vaccino link link,A445
715,1,1,1,1,"vaccino, al via i test: prime dosi a settembre ¬† link",A1351
739,1,1,1,1,"allarme fbi, cina vuole rubare vaccino",A493
751,1,1,1,1,state sereni il #vaccino non si fara' prima di 2 anni,A1261
753,1,1,1,1,"coronavirus, rezza di malattie infettive: ""per il vaccino ci vuole un anno, siamo pronti ma poi bisogner√† provarlo"". quindi la rivelazione shock:""difficile dire quando ci sar√† il picco.e' plausibile che il virus sia entrato nel lodigiano ancora prima del blocco dei voli da wuhan"" link",A681
756,1,1,1,1,"@_libellula70 una regola chiara sul distanziamento √® l‚Äôunica salvezza. insieme ad una cura. se aspetti il vaccino resti a casa due anni. a nessuno piace la realt√†, ma dovremo convivere col virus.",A64
765,1,1,1,1,"user user quello senz‚Äôaltro!  non √® cambiato molto rispetto a un mese fa‚Äô: non c‚Äô√® un farmaco, il vaccino arriver√† l‚Äôanno prossimo, gli ospedali sono pieni... per cui riaprire alla carlona √® molto rischioso!",A93
770,1,1,1,1,"#coronavirus, patto commissione #ue - produttori per #vaccino. 2,4 miliardi per acquisti in anticipo con accesso garantito a farmaco #ansa link",A381
772,1,1,1,1,"covid-19, patto commissione ue-produttori per vaccino  link",A736
774,1,1,1,1,"coronavirus, il vaccino √® un cerotto link via user",A654
780,1,1,1,1,4 paesi ue formano un‚Äôalleanza per il vaccino: c‚Äô√® anche l‚Äôitalia link via user_italia,A454
24,1,1,1,1,user per risolvere l'epidemia bisogna contenerla aldil√† del vaccino e per farlo bisogna evitare i contagi di rientro.,A168
32,1,1,1,1,"#coronavirus, negli usa il primo #vaccino testato sull'uomo. somministrato ad un volontario di seattle, per validarlo ci vorr almeno un anno #emergenzacovid19 #ansa link",A379
34,1,1,1,1,il virus potrebbe restare in circolazione anche dopo la scoperta di un vaccino. dal liveblog di internazionale. link,A954
36,1,1,1,1,"#coronavirus, il presidente irbm di pomezia: ¬´il #vaccino? gi√† inviate a oxford centinaia di dosi per i test¬ª link user",A376
42,1,1,1,1,user #blobscko mai abbassare la guardia... anche per il periodo dopo eventuale vaccino. per essere immuni ci vogliono dalle due alle tre settimane..... e non √® detto che chi l'ha avuto resti immune per molto attenti,A137
52,1,1,1,1,‚Äúvaccino obbligatorio per over 65 anni‚Äùcos√¨ zingaretti. sei d'accordo? forum link,A52
54,1,1,1,1,alleanza tra giganti per il vaccino antivirus link,A494
89,1,1,1,1,"coronavirus, oms: per vaccino dovremo attendere almeno 18 mesi link",A674
90,1,1,1,1,"vaccino anti-covid, italia in prima fila con 130 milioni. telefonata conte-gates link link",A1318
91,1,1,1,1,"x dare avvio agli anticorpi di fare il proprio lavoro ...vaccino per il covid-19 sintetizzato a pomezia, verr√† sperimentato in uk link",A1372
100,1,1,1,1,"coronavirus: 229 i contagiati in italia, 7 le vittime | ricciardi (oms): due anni per il vaccino | conte: gestione di un ospedale fuori dai protocolli  #coronavirus link link",A698
109,1,1,1,1,"coronavirus, al via la sperimentazione di un vaccino negli usa link",A624
117,1,1,1,1,"coronavirus, ‚Äúguerra del vaccino‚Äù: la germania difende la sua ricerca dai miliardi offerti da trump #covid2019 #coronavirus #ricerca #vaccino link link",A617
118,1,1,1,1,"coronavirus, fauci al senato: ""morte e sofferenze se riapriremo usa troppo presto"". il vaccino? ""fra un anno o due"" link link",A644
123,1,1,1,1,"coronavirus, il ricercatore italiano gambotto: primo vaccino supera la fase del test su animali.",A653
127,1,1,1,1,trump vuole comprare il brevetto del vaccino tedesco per il coronavirus ‚Äòin esclusiva‚Äô - il riformista link,A1288
137,1,1,1,1,primo studio sull‚Äôuomo del vaccino covid-19.: il primo vaccino covid-19 che ha raggiunto la‚Ä¶ link,A1174
139,1,1,1,1,"link ""i ricercatori del mit hanno creato un inchiostro che pu√≤ essere incorporato in modo sicuro nella pelle insieme al vaccino stesso ed √® visibile solo utilizzando un‚Äôapp e un filtro speciali per fotocamere per smartphone."" #vaccini",A861
151,1,1,1,1,quando sar√† pronto (realisticamente) il vaccino contro il coronavirus -  #quando #pronto #(realisticamente)  link,A1187
154,1,1,1,1,"io voglio un‚Äôalternativa allo ‚Äústate a casa‚Äù non perch√© stia male ma perch√© non pu√≤ essere la cura al #covid19 nel lungo periodo, in attesa che un vaccino pronto fra 18 mesi (o forse mai come per altri virus) faccia la sua comparsa.",A980
158,1,1,1,1,"coronavirus, negli usa primo test sull'uomo per un vaccino link",A673
162,1,1,1,1,bill gates chiamer√† conte sul vaccino per il coronavirus link,A538
166,1,1,1,1,"coronavirus, creata la mappa atomica in 3d utile per il vaccino link",A633
174,1,1,1,1,coronavirus: il vaccino australiano supera i test di laboratorio link,A713
178,1,1,1,1,australia vicina al vaccino - il nazionalista - quotidiano di libera informazione - link link,A521
191,1,1,1,1,"covid 19, il vaccino in autunno: la sfida sui tempi tra case¬†farmaceutiche link",A732
199,1,1,1,1,"#america first. #coronavirus, pronta la prima fiala del vaccino: cos√¨ ""uccide""  #covid19. a #seattle iniziano le sperimentazioni su 45 volontari del prototipo di un vaccino. ma prima di poter arrivare a un vaccino efficace e sicuro serviranno 12-18 mesi (g.) link",A353
200,1,1,1,1,"#coronavirus, gallera: ""non c'√® farmaco n√© vaccino, evitare #contagio"" link link",A374
201,1,1,1,1,blog post: a pomezia sperimentazione vaccino - link,A545
203,1,1,1,1,a che punto siamo con la sperimentazione del vaccino anti covid-19? link,A460
204,1,1,1,1,#vaccino - oltre agli usa anche l'#australia si √® mossa per realizzare il vaccino contro il #covid19 che potrebbe essere immesso sul mercato non prima del 2021. il vaccino si chiama mrna-1273... link,A433
217,1,1,1,1,"coronavirus, vaccino: a settembre 400 milioni di dosi. test in corso, ma¬†‚Ä¶ link",A695
218,1,1,1,1,user user user user user user user user user user user user user user user user user user user_ user user user user user user user user user user user buongiorno lidia. saremo anche un popolo di adolescenti ma dobbiamo crescere e non √® possibile rimanere a casa fino a quando si trover√† il vaccino. non possiamo permetterci di vivere di rendita . non tutti almeno.,A296
221,1,1,1,1,"il sole24h - coronavirus, ultime notizie dal mondo: corea sud pensa a reintrodurre distanziamento. johnson invita putin al summit sul vaccino. bce: lagarde stima pil eurozona 2020 tra -8% e -12% link link",A936
224,1,1,1,1,"tutto questo ci porter√† 10 anni di film e serie tv sul coronavirus. dalle ciofeche alle americanate e ogni paese avr√† il suo eroe che scopre il vaccino, nottetempo e per sbaglio. link",A1297
226,1,1,1,1,contrastare il #covid19: in corso la conferenza stampa che spiega l'approccio di tls in collaborazione con user per la ricerca del vaccino... resta aggiornato  seguendo le nostre pagine! #iorestoacasa #andratuttobene  user user link,A598
233,1,1,1,1,"coronavirus, vaccino entro fine anno: ¬´ma non sar√† per tutti, prima anziani e medici¬ª link user",A691
244,1,1,1,1,"vaccino coronavirus, ema: aspettare ancora mesi per gli studi clinici link",A1324
247,1,1,1,1,"quel piano europeo anti virus: ""immunizzazione di gregge"" link",A1193
251,1,1,1,1,il vaccino tedesco anti-coronavirus verr√† a breve testato #germania #coronavirus #vaccino link,A950
252,1,1,1,1,coronavirus: statunitense pfizer e tedesca biontech testano su umani vaccino sperimentale | agenzia nova link,A719
255,1,1,1,1,arrivato in cina il primo #vaccino contro il #coronavirus #coronarvirusitalia  link,A511
258,1,1,1,1,"coronavirus, a fine aprile primi test del vaccino sull‚Äôuomo link link",A620
14,1,1,1,1,#coronavirusupdate #covid_19 #coronavirus #speranza: ‚Äúvaccino lo paga lo stato‚Äù link,A391
20,1,1,1,1,tramonta l‚Äôidea di rendere obbligatorio il vaccino contro l‚Äôinfluenza. si attende il decreto link,A1282
26,1,1,1,1,"'non possiamo aspettare il vaccino, corriamo un rischio calcolato' ‚Äì conte annuncia la fase 2 link link",A13
32,1,1,1,1,"vaccino italo-inglese, italia beffata: prime 30 milioni di dosi al regno unito link di user",A1344
41,1,1,1,1,quanto tempo ci vorr√† per trovare un vaccino o una cura per il nuovo #coronavirus? che passi in avanti sono stati fatti nelle ultime settimane?  ho fatto un punto della situazione sulla user di user_italia. link,A1190
43,1,1,1,1,"@_vitovaipiano user user io credo (e non solo per il calcio) che sia arrivato il momento di convivere con questo virus e di ritornare piano piano alla normalit√†. anche perch√© non puoi aspettare in eterno che si trovi il vaccino,se per caso non lo trovano che fai,tieni chiuso tutto fino in eterno?",A65
44,1,1,1,1,"coronavirus, mamma di 43 anni testa il vaccino: √® la prima al mondo link",A669
50,1,1,1,1,"coronavirus, da oxford 400 milioni di dosi di vaccino a settembre #calabrianotizie #newscalabria link",A634
56,1,1,1,1,il canada avvia i test clinici del vaccino contro coronavirus - link link,A909
69,1,1,1,1,"lo strappo del 2 giugno. salvini, meloni, gilet, no vax: la destra occupa la piazza link",A1044
75,1,1,1,1,"coronavirus, a fine aprile test per un vaccino sull'uomo link",A621
76,1,1,1,1,la germania ha introdotto lobbligo del vaccino contro il morbillo per gli studenti e i bambini degli asili nido link,A1006
80,1,1,1,1,dicono che il corona caler√† di vittime verso il venti aprile (mio compleanno) ma il vaccino √® ancora lontano,A766
84,1,1,1,1,"coronavirus, negli usa al via test sull'uomo per un vaccino. ue offre 80 mln a curevac, possibili test da giugno [aggiornamento delle 20:53] link",A672
96,1,1,1,1,"coronavirus, parla l‚Äôesperto: test del vaccino in 2-3 mesi. le ultime novit√† link  11/02/2020",A675
103,1,1,1,1,tutte le notizie sul  #coronavirus #covid19 in #italia e in #svizzera sono su salutedomani e saluteh24  #ticino #contagio #virus #infezione #vaccino #terapia link,A1293
118,1,1,1,1,l`ema commissiona all`universit√† di utrecht modello di studio per vaccino covid | +31mag link,A998
133,1,1,1,1,"vaccino anti-covid, in aprile via ai test sull'uomo link",A1317
135,1,1,1,1,"#""per il vaccino contro il coronavirus ci vorranno almeno sei mesi"" link",A349
147,1,1,1,1,¬´per il personale sanitario vaccino dal prossimo autunno¬ª link,A55
171,1,1,1,1,"stati uniti e cina alleati contro il coronavirus? finora la risposta al virus globale √® stata poco globale. gli usa non possono aiutare gli altri nell'emergenza, come fa la cina, ma sono avanti nella corsa geopolitica al vaccino. e se collaborassero? link",A1262
197,1,1,1,1,"i #vacciniantinfluenzali attualmente disponibili sono costituiti dal virus intero inattivato, dagli split virus ottenuti con detergenti o sostanze chimiche che frammentano il virus e dal vaccino a subunit√† | #ecm #vaccinoinfluenza link",A868
201,1,1,1,1,"#coronavirus e #vaccino, come si sta muovendo l'europa link link",A364
204,1,1,1,1,primo studio sull‚Äôuomo del vaccino¬†covid-19. link,A1173
206,1,1,1,1,"plasma o vaccino, cosa conviene? ecco il confronto tra punti di forza e¬†limiti link",A1165
219,1,1,1,1,"il giornale piÔøΩ amato dai servizi tedeschi scrive che trump vorrebbe ÔøΩrubareÔøΩ  ai tedeschi il vaccino. e tutti i giornali italiani riportano che ÔøΩ vero!. a proposito di rubare: la germania cominci a restituire i soldi della guerra a polonia, grecia, ebrei ecc",A916
223,1,1,1,1,la guerra per il vaccino - il foglio link,A1009
235,1,1,1,1,montomoli ha anche parlato dei test su un nuovo vaccino contro il virus ed ha ribadito che solo le mascherine di tipo ffp3 sono efficaci... link link,A1091
246,1,1,1,1,coronavirus. ricciardi (oms): forse due anni per il vaccino link,A725
260,1,1,1,1,antidiplomatico:negli usa testato sull'uomo il primo vaccino contro il coronavirus link 96,A508
9,4,4,4,1,bergamo e brescia l‚Äôannuncio di bertolaso: da domani vaccini a 30 mila persone over 60¬†il bollettino: 318 i morti - a brescia 901 casi - #bergamo #brescia #l‚Äôannuncio link link,B331
10,4,4,4,1,ecco come prenotarsi per ricevere il #vaccinoanticovid.  link,B285
17,4,4,4,1,vaccini: quasi 30mila dosi somministrate nell'oristanese link,B83
24,4,4,4,1,"al momento sono 29.969.854 le dosi di vaccino somministrate alla popolazione italiana, mentre 9.759.934 persone hanno concluso il ciclo vaccinale sul territorio nazionale (16,47% della popolazione).",B94
37,4,4,4,1,libero e il giornale si sono allineati. la verit√† resta novax. link,B392
39,4,4,4,1,brasile. al via campagna ‚Äúvaccini nel braccio e cibo nel piatto‚Äù | radio m modica link,B232
50,4,4,4,1,vaccini a pasquetta quasi 148 mila vaccinazioni. il 20% delle dosi ancora nei frigoriferi delle regioni - #vaccini #pasquetta #quasi link link,B512
59,4,4,4,1,"covid, al via le vaccinazioni per caregiver e familiari di soggetti fragili: ecco chi rientra nella categoria link",B179
62,4,4,4,1,vaccino o certificato di negativit√† per chi arriva in sardegna: la proposta link,B53
64,4,4,4,1,"politici e vaccino: da salvini e meloni a letta, renzi e grillo. chi lo ha fatto e chi non lo far√†",B173
65,4,4,4,1,"#cronaca #ultimenotizie vaccini in aziende, 2mln #astrazeneca in frigo - link - #tifosi #vaccino link",B159
66,4,4,4,1,"vaccini, stefani-speranza: disabili fra categorie prioritare link",B253
68,4,4,4,1,"un nuovo articolo: (vaccini covid, da domani in sicilia prenotazioni per i ragazzi dai 12 ai 15 anni) √® stato pubblicato su: tempo stretto - ultime notizie da messina e reggio calabria - link link",B59
70,4,4,4,1,"vaccini lazio, ripartono le prime dosi: la chiusura degli hub ora slitta a ferragosto - link link",B218
107,4,4,4,1,ultim‚Äôora/ bertolaso promette: ‚Äúentro l‚Äô11 aprile tutti gli over 80 lombardi vaccinati‚Äù | sesto notizie link,B460
113,4,4,4,1,"astrazeneca e mix vaccini, il cts respinge le accuse: ‚Äúconfusione non √® colpa nostra‚Äù. ora il pressing del governo sulle mascherine link via user",B360
114,4,4,4,1,"su circa 10,7 milioni di prime dosi del vaccino #pfizer 9,7 milioni di dosi del vaccino #astrazenaca e circa 0,8 milioni di seconde dosi di vaccino pfizer. quindi, i dati di tali effetti collaterali di astrazeneca non si discostano molto da quelli di pfizer.",B522
119,4,4,4,1,"covid, vaccini in farmacia, regioni a 2 velocit√†: da val d'aosta a calabria. la situazione link",B327
122,4,4,4,1,"‚Äúa palermo c‚Äô√® una evidente escalation dei contagi, in particolare per la diffusione delle varianti, pi√π aggressive. abbiamo i primi casi di virus in soggetti gi√† vaccinati.""",B62
123,4,4,4,1,"vaccini lazio, weekend open day astrazeneca over 40: iscrizioni aperte: sabato e domenica 15-16 maggio per i nati dal 1981 link link",B363
136,4,4,4,1,"asl na 2 nord, stop alle prime dosi per mancanza di¬†vaccini link",B78
141,4,4,4,1,"covid, uno studio conferma: l‚Äôefficacia del vaccino mrna cala in 6 mesi link #saluteinforma #salute link",B404
142,4,4,4,1,user gi√† che siamo in argomento qualcuno potrebbe spiegare perch√© la user √® penultima per la vaccinazione degli ultraottantenni affidata fin da subito  e giustamente ai medici di famiglia? user user,B238
148,4,4,4,1,"2,5 milioni di over 60 ancora non vaccinati. 5 milioni di over 50 ancora non vaccinati.",B1
152,4,4,4,1,"gds: ""#sicilia. vaccini in farmacia, si parte il 15 luglio"" link",B64
155,4,4,4,1,"vaccino, se la seconda dose √® quando sono in vacanza: come si comportano le regioni¬†italiane link",B135
163,4,4,4,1,#covid19 #coronavirus dati in #toscana #9giugno ‚ñ™Ô∏è 127 nuovi casi ‚ñ™Ô∏è 15.898 tamponi eseguiti ‚ñ™Ô∏è 341 ricoverati (-33 da ieri) ‚ñ™Ô∏è 80 in terapia intensiva (-4 da ieri) ‚ñ™Ô∏è 9 decessi (6.784 totali) ‚ñ™Ô∏è 230.765 guarigioni (+425 da ieri) ‚ñ™Ô∏è 2.390.805 vaccinazioni link link,B520
164,4,4,4,1,in arrivo i primi 40 mila green pass per i valdostani vaccinati contro il covid link,B397
168,4,4,4,1,"europei e vaccini: s√¨ di italia e belgio, no dell‚Äôinghilterra. caos in spagna, libera scelta per francia e¬†svizzera link",B365
176,4,4,4,1,"15 milioni di dosi di vaccino j&amp;j buttati per un errore umano.  il tecnico di laboratorio minimizza: "" ho mischiato pfizer, j&amp;j, soda, lime e vodka e a me sembrava buono""",B176
177,4,4,4,1,"questo non si ferma. vaccini: de luca, se necessario rinvieremo inizio scuola - campania - link link",B504
178,4,4,4,1,"ripartite le vaccinazioni astrazeneca in italia. previsti turni straordinari per recuperare i ritardi. ministero della salute: ""serve accelerazione forte"". poche disdette nei centri riaperti link",B399
179,4,4,4,1,covid-19. oggi 1.712 dosi di vaccino somministrate dall‚Äô asl di avellino. ‚Äì retesei |¬†link link,B140
186,4,4,4,1,"fauci, stiamo lavorando a vaccino anti-covid in pillole link",B219
193,4,4,4,1,"geopolitica dei vaccini - mappa mundi"" link 40",B303
196,4,4,4,1,new post: vaccinazioni over80: ecco i documenti da compilare e consegnare a schiranna e rancio valcuvia link,B358
200,4,4,4,1,"vaccino anti-covid, online il portale regionale per la registrazione degli estremamente vulnerabili link",B225
207,4,4,4,1,"i 2 decessi registrati oggi si riferiscono a  ‚Ä¢ 2 donne di 80 e 83 anni  erano residenti a scandiano e vetto d'enza  üíâieri sono state vaccinate 1.141 persone, oggi ne erano programmate 750",B507
210,4,4,4,1,limes:carta: la distribuzione dei vaccini link 25,B170
218,4,4,4,1,canavese - a che punto siamo con i vaccini anti covid nella nostra zona? i numeri dell'asl to4 e le prossime date da segnare sul calendario   link,B432
225,4,4,4,1,"#vaccini anti #covid19 in italia, dosi somministrate su base quotidiana. dosi somministrate il 11/05/2021 : 429.134 media mobile a 7 giorni: 465.570 #covid_19 #vaccinaitalia #astrazeneca #coronavirus #pfizer #modernavaccine link",B44
232,4,4,4,1,"vaccini: da luned√¨ le prenotazioni dei cinquantenni. 85mila dosi al giorno ‚Äì ballabio news ‚Äì quotidiano online di ballabio, morterone e piani dei resinelli link",B487
243,4,4,4,1,"vaccini covid, la classifica delle regioni link",B203
248,4,4,4,1,"user_fenzi se il cognato di fontana avesse prodotto vaccini, i lombardi sarebbero gi√† tutti vaccinati",B110
255,4,4,4,1,"**covid: cottarelli, ‚Äòpass? perch√® un nuovo documento? basta burocrazia‚Äô**: roma, 18 apr. (adnkronos) - ""servono 2-3 mesi per creare il pass unico per chi √® vaccinato, non ha link",B371
256,4,4,4,1,"green pass, ricciardi: ‚Äúsolo per vaccinati e guariti, tampone non pu√≤ bastare‚Äù link link",B408
257,4,4,4,1,"biontech e pfizer hanno sviluppato un vaccino per la variante delta e vogliono verificarne l'efficacia. le aziende chiederanno l'autorizzazione alla food and drug administration statunitense per una terza dose di richiamo, ma per l'fda due inoculazioni sono sufficienti.",B423
6,4,4,4,1,"#vaccini anti #covid19 in italia, aggiornamento del 11/04/2021 ore 11:28 andamento delle somministrazioni per classe di et√†. #covid_19 #vaccinaitalia #astrazeneca #coronavirus #pfizer #modernavaccine link",B375
11,4,4,4,1,stop a 8000 prenotazioni al vaccino astra zeneca dall'asl toscana sud est link,B145
18,4,4,4,1,"vaccini, in piemonte si risolve il rebus dell'appuntamento per l'iniezione [di sara strippoli] [aggiornamento delle 08:00] link",B221
23,4,4,4,1,"ristoranti, calcetto, pass vaccinale, mense scolastiche: al #cts i nodi da sciogliere in vista delle riaperture del #26aprile so' problemi #vaccini #covid19italia",B69
24,4,4,4,1,"2 settembre alle 20:00, a vibo, sar√≤ alla presentazione del libro di matteo bassetti. intanto √® notizia di oggi: ennesima aggressione dei no vax nei confronti dell'infettivologo bassetti inseguito e minacciato: ""ci ucciderete tutti con questi vaccini e ve la faremo pagare"". link",B246
34,4,4,4,1,"da luned√¨ 7 giugno verr√† sospesa l'#attivit√† per la somministrazione del vaccino anti-#covid presso l'#ambulatorio distrettuale della asl 3 in via xii ottobre a #genova. l‚Äôattivit√† #vaccinale, si legge nella nota dell'#asl, ‚Äúproseguir√† presso l‚Äô#hub della #fiera del #mare. link",B178
36,4,4,4,1,"asl avellino. sospensione attivit√†‚Äô centri vaccinali nella giornata di domani, luned√¨ riprendono le vaccinazioni - link link",B129
38,4,4,4,1,adi: istanza di attivazione procedimento disciplinare per frasi di infermieri contro i no vax | nurse times link,B385
45,4,4,4,1,"vaccini: sileri,verosimile ripeterli ogni¬†anno link",B204
58,4,4,4,1,"vaccini lazio, al via 'open week' astrazeneca per maggiorenni - adnkronos link",B229
59,4,4,4,1,l‚Äôindia ha ordinato 300 milioni dosi di un vaccino anti-covid non approvato link,B273
69,4,4,4,1,"coronavirus, a matera continuano le vaccinazioni senza prenotazione link",B471
75,4,4,4,1,pfizer sta pensando di adattare il nuovo richiamo alle varianti.,B77
78,4,4,4,1,"vaccini napoli, 40 giorni per richiamo pfizer e¬†moderna link",B389
79,4,4,4,1,"11) banco informazioni, ti danno un modulo ""lo compilo e glielo d√≤ adesso?""  12) ti fanno prendere appuntamento dal sito 13) complimenti ha un appuntamento per consegnare il modulo fra un mese. 14) la pandemia √® finita, non ho la tessera sanitaria e non ho ancora il vaccino",B184
83,4,4,4,1,user inutile inviare dosi di vaccino alle regioni che non riescono a farle.,B46
3,4,4,4,1,"link ministero della salute, rezza: ""immunit√† di gregge quando avremo vaccinato il 67% della popolazione""",B523
7,4,4,4,1,"queste che vedete in fila sotto la pioggia sono decine di soggetti fragili in attesa del vaccino in fiera. basterebbero un paio di gazebo, ma la",B75
8,4,4,4,1,giro di vite per 45mila sanitari. per i non vaccinati stop all‚Äôattivit√† link,B237
20,4,4,4,1,covid. al via due studi dell‚Äôiss per il monitoraggio immunologico post vaccinazione in¬†italia link,B450
28,4,4,4,1,"user urge una legge contro l‚Äôodio verso chi vuole le restrizioni ai non vaccinati che odiano i vaccinati che‚Ä¶ insomma, urge una legge üôÑ",B169
33,4,4,4,1,campagna vaccinazione in cina: oltre 2 mld dosi somministrate   video link,B239
36,4,4,4,1,"#vaccini domani, 5 maggio, sul portale della regione #toscana aprono le agende per prenotare il johnson&amp;johnson per chi ha pi√π di 65 anni link user",B92
37,4,4,4,1,"vaccini, marco rizzo-pc: +√® la guerra dei vaccini, sputnik dato che √® russo non si pu√≤ dare+"" link 54",B230
40,4,4,4,1,"#vaccini, l'italia procede a rilento? com'√® la situazione in altri paesi #ue? ora su user: fabrizio pregliasco user, don pietro sigurani e user_anfossi di user_cristiana. link link",B251
42,4,4,4,1,"user mi piacerebbe essere contadino  in ogni caso in una comunit√† si pu√≤ esprimere il proprio gradimento o critica. e in una comunit√† europea non ha senso che ogni nazione vada per la sua strada tra vaccinazioni e chiusure. ci vorrebbe uniformit√†,oppure ciao europa",B21
57,4,4,4,1,"#covid_19, speranza:""attese almeno 50 milioni di dosi di #vaccini‚Äù. il ministro della salute: pressing quotidiano sulle aziende‚Äú #17marzo link",B288
69,4,4,4,1,√® scontro tra virologi sulle mascherine: bassetti propone l‚Äôaddio per i vaccinati. gismondo dissente link link,B125
72,4,4,4,1,"vaccini, figliuolo: ‚Äúin arrivo 5 milioni di fiale‚Äù. i numeri della campagna: un anziano su due √® immunizzato, prima dose al 45% degli over 70 link",B16
84,4,4,4,1,"#sicilia, al via a #palermo il primo grande ‚Äòhub‚Äô per le vaccinazioni - video link",B100
85,4,4,4,1,il vaccino di johnson  link via user,B128
79,0,0,1,1,"#coronavirus, #billgates e #melindagates: 'pagheremo noi il #vaccino' ...#news,#covid19  link",A370
166,0,0,1,1,"coronavirus, bill gates: ""se funziona il vaccino di oxford lo pago io"" link di user",A626
2,1,1,0,1,"coronavirus: il legale, 'per vaccini licenze gratis o consorzi aziende-istituzioni': esistono esempi di tali vaccini coperti da brevetti validi sul territorio cinese, come il vaccino contro la poliomielite, il vaccino contro la malattia 'mani-¬†... link",A709
30,1,1,0,1,"vaccino, test positivi in usa oms, in 100 chiedono un‚Äôinchiesta link",A1355
134,1,1,0,1,"virus, garattini: `il vaccino potrebbe arrivare entro fine anno` - link link",A1365
155,1,1,0,1,"la germania nega la vendita esclusiva del brevetto per il vaccino covid-19 allÔøΩamerica, perchÔøΩ lÔøΩazienda tedesca produttrice metterÔøΩ a punto il vaccino ""per tutto il mondo e non per singoli paesi"".  cioÔøΩ i tedeschi sono i buoni questa volta, how the tables have turned",A1007
171,1,1,0,1,"la produzione dei vaccini ha tempi lunghi di produzione e consegna: √® strategica una programmazione stabilita con largo anticipo. sanofi produrr√† il 20% di vaccino antinfluenzale in pi√π, ma la domanda globale potr√† superare l'offerta link #buongiorno #16giugno link",A1013
209,1,1,0,1,"accordo italia-usa per vaccino orale, alleate kiromic e molipharma ¬† link",A476
306,1,1,0,1,#coronavirus: partnership moderna - lonza per produrre  fino a 1 miliardo di dosi all'anno di #vaccino link user_tx user,A387
412,1,1,0,1,"""l'accordo con rottapharm biotech ci d√† un po' di benzina per pianificare gli studi sul nostro vaccino e fare le cose con pi√π tranquillit√†. stiamo disegnando lo studio di fase 1-2, che partir√† a ottobre e coinvolger√† all'inizio un'ottantina di persone"". link",A27
417,1,1,0,1,"user il vaccino antinfluenzale ha efficacia per circa il 50-60%. il motivo √® che servono 6 mesi per produrlo, il che significa che ad ogni fine inverno un team all'oms si riunisce per tentare di prevedere quale sar√† l'influenza della prossima stagione, in base ai dati statistici ed...",A305
429,1,1,0,1,user purtroppo ti devo contraddire. vista la situazione di contagi e l‚Äòinesistenza di un vaccino la misura adottata da tutto il mondo non √® n√© assurda n√© inutile.  tutti bravi a parlare quando non si ha la responsabilit√† delle decisioni ve‚Äò? ed io beninteso disprezzo questo governo.,A230
454,1,1,0,1,"quindi riepilogando chiusi per un mese in casa a cantare dai balconi. ora per esigenza di qualcuno e qualche business, senza una vrenzola di cura che allevia il male per non finire in terapia intensiva, il vaccino si riapre con mascherina e guanti. a saperlo facevamo la pasquetta",A1208
462,1,1,0,1,appello onu e movimento internazionale croce rossa e mezzaluna rossa: ‚Äúserve unit√† per il vaccino contro il covid19‚Äù link,A509
478,1,1,0,1,vaccino di pomezia e di oxford comincia test su mille volontari link,A1336
485,1,1,0,1,"vaccino coronavirus, l'italia accelera. ricciardi: ""in arrivo tra l'autunno e l'inverno"" link",A1325
536,1,1,0,1,prima mappa in scala atomica 3d del #coronavirus link  i ricercatori dell'university of #texas at #austin e del national institutes of health hanno fatto un importante passo avanti verso lo sviluppo di un #vaccino per il nuovo... ( #ecplanet #edoardocapuano ) link,A1171
775,1,1,0,1,"vaccino covid, ema: pronto entro un anno salvo ritardi burocratici link",A1335
63,1,1,0,1,vorrei sapere perch√© si continua a dare credito solo a coloro che profetizzano nuove sventure! forieri di sfiga 1 : teste pensanti 0! perch√©? il premio nobel beutler: ¬´non ci sar√† una seconda ondata del virus. il vaccino? solo a inizio 2021¬ª link,A1370
112,1,1,0,1,"#coronavirus,  l'infettivologo pierluigi viale in diretta a #mattino5:  ""la malattia ha due fasi"" ma quali sono le novit√† sui farmaci e per il vaccino? link",A367
260,1,1,0,1,"tutti alla ricerca vaccino covid, nuovi test e fondi. alleanza ue per le forniture - metropolisweb link",A1294
90,1,1,0,1,panico meningite nel bergamasco: code dallalba per fare il vaccino in arrivo la protezione civile link,A1138
174,1,1,0,1,vaccino contro il colesterolo: nel 2020 al via i test in gran bretagna link,A1319
231,1,1,0,1,"#rt user: accordo #italia-#usa per #vaccino orale, alleate kiromic e molipharma link link",A421
9,1,1,2,1,"i medici hanno descritto quelli che credono siano i ""primi"" casi noti di meningite dovuti alla riattivazione del vaccino contro la varicella in due ragazzi di 14 anni.link link",A877
98,1,1,2,1,"l'ipotesi del #complotto riguardo al #coronavirus si √® spostata sugli interessi delle ditte farmaceutiche #globali, che si starebbero dando da fare per produrre un #vaccino. a pagamento.  #coronaviruswuhan #coronavirusitalia  #globalizzazione  link",A993
522,1,1,2,1,ma voi ve lo ricordate quando dicevano che avrebbero trovato il vaccino per l‚Äô aids?,A1065
525,1,1,2,1,user user ennesima menzogna del governo conte: solo propaganda politica. non esiste nessun vaccino pronto per il prossimo autunno n√© alcun accordo con l'italia: link,A140
708,1,1,2,1,chiss√† quale sar√† il primo paese coinvolto nelle false certificazioni di adempimento al vaccino per il covid-19 che consentir√† di riprendere a viaggiare nel mondo.,A572
87,1,1,2,1,ptv news 25.02.2020 - #covid19 gli usa alla ricerca del vaccino - pandora tv link,A1178
181,1,1,2,1,user user anche un semplicissimo herpes non ha vaccino ... √® un virus...ci conviviamo,A259
248,1,1,2,1,"coronavirus: il vaccino arriver√†, la seconda ondata no. ecco la sentenza di ilaria capua &amp;raquo; link link",A712
405,1,1,3,1,"aspettare il vaccino per togliere la mascherina appare inverosimile in #lombardia, ma vedremo se anche questo √® una affermazione tiramolla.  link via user.it | news ed eventi a milano",A515
126,1,1,4,1,#coronavirus. test animali bypassati negli stati uniti per la #ricerca di un #vaccino? no! facciamo chiarezza. #sperimentazioneanimale #covid19 link,A390
331,1,1,4,1,"scaricando l‚Äôapp #immuni sul proprio smartphone si sar√† informati sul rischio di contagio. vedrai che poi ti diranno che con la versione gold, a soli 30,99 ‚Ç¨/anno, si pu√≤ pure avere il vaccino.  [user]  #fase2",A1225
381,1,1,4,1,"non dite cazzate!!!!coronavirus, die welt: ""trump cerca di corrompere azienda tedesca per avere il vaccino"". ma societ√† farmaceutica smentisce - il fatto quotidiano link",A1113
452,1,1,4,1,questa √® la quintessenza del sovranismo ... probabilmente un pericolo anche maggiore del #covid„Éº19  trump vuole vaccino tedesco in esclusiva - ultima ora - ansa link,A1195
561,1,1,4,1,se #trump non alza praticamente un dito per arginare la pandemia le cose sono due: - o √® completamente irresponsabile  - o ha gi√† il vaccino in tasca..,A1229
589,1,1,4,1,attenzione a dire antivirale e non vaccino che scattano subito le faide,A518
692,1,1,4,1,al tg1 si sono rotti cos√¨ tanto i coglioni di allungare il brodo che ora il vaccino lo trovano loro. link,A488
229,1,1,4,1,"#coronavirus, papa: ho chiesto a dio di fermare l'epidemia. a posto, dite pure a medici e ricercatori di interrompere gli studi per trovare un vaccino, non serve piÔøΩ. #covid19italia #covid19",A380
130,1,1,5,1,"amici ho bisogno di unÔøΩinfo, i no vax che stanno dicendo di questo nuovo virus? se creano davvero il vaccino nei prossimi 3 mesi, se lo fanno o no?",A501
254,1,1,5,1,"vaccini, rissa sfiorata tra no vax e m5s: ""e mi chiami onorevole..."" link di user",A1314
475,1,1,5,1,"coronavirus, la deputata no vax fermata a ostia: ‚Äúvaccinarmi contro il covid-19? perch√© dovrei?‚Äù link link",A665
477,1,1,5,1,link la ministra interviene sulla polemica scatenata dai governatori della lega (una volta non strizzavano tutti l'occhio ai no vax?) #coronavirus,A857
237,1,1,5,1,"il #coronavirus e i #complotti: sul web spopolano le teorie pi√π strambe per spiegare la #pandemia, dal #5g a #billgates. e ci sono pure i #novax.  link",A895
26,4,4,1,1,"vaccini: ruffo (sissa), ancora in attesa comunicazione asugi. universit√† trieste e udine gi√† informati, cominceranno gioved√¨ #ansa link",B102
132,4,4,1,1,vaccini: fontana al via hub tra i pi√π imponenti deuropa -  #vaccini: #fontana #imponenti #deuropa link,B108
194,4,4,1,1,new post: leggi la notizia! in vista obbligo vaccinale per sanitari no vax: pena la link #veneto #notizie #news,B96
208,4,4,1,1,"""arrivano da firenze e cremona i primi indagati ‚Äòno vax‚Äô. l‚Äôaccusa formulata dal magistrato nei confronti di un 66enne lombardo √® chiaro: ‚Äúistigazione alla disobbedienza delle leggi, di ordine pubblico, in vigore a tutela della salute pubblica nel periodo di emergenza pandemica.",B171
247,4,4,1,1,user la roba del contact tracing va avanti da mesi. √® una vergogna ma adesso la colpa ce l'ha pure il governo. non puoi aprire tutto e poi imporre quarantena per i vaccinati. √® un controsenso,B443
21,4,4,1,1,"auguro vacanze all'insegna della dissenteria per tutti quelli che si son vaccinati scavalcando anziani, immunodepressi e malati cronici.",B55
49,4,4,1,1,"ü§°l‚Äôuniversit√† che tramite email rimanda la somministrazione del vaccino a data da stabilire il giorno prima, letteralmente 10minuti prima del mio arrivo (sono fuorisede), dopo 2h di treno e 9,60‚Ç¨ di biglietto di sola andata ü§°",B425
53,4,4,1,1,speranza ‚Äúpi√π vaccini o non escludiamo restrizioni‚Äù  - #retewebitalia #news #oggi #italia #notizie #accadeoggi - link,B93
64,4,4,1,1,l' #europa si √® dimostrata un fallimento anche per  l' approvvigionamento del #vaccino   #coffeebreakla7,B485
74,4,4,1,1,user_maffi user a tg lombardia conferenza stampa prima regione a raggiungere 1 milione di vaccinati,B131
16,4,4,1,1,üëâ per raggiungere la vaccinazione globale da #covid19 √® stata sollecitata la deroga alle norme sulla propriet√† intellettuale previste dell‚Äôaccordo di marrakesh #wolterskluweritalia #coronavirus #vaccini  link,B477
24,4,4,1,1,"imprenditore della provincia di #perugia si sarebbe vaccinato fingendosi un dipendente scolastico, ma √® stato scoperto e deferito alla procura della repubblica insieme alla moglie, accusata di essere stata sua complice.",B495
41,4,4,1,1,"#dimartedi  #moratti  ieri ""gli over 80 che non sono stati ancora convocati per la vaccinazione potranno vaccinarsi presentandosi senza prenotazione nel centro vaccinale pi√π vicino dal 7 all'11 aprile' -oggi ""no lasciate stare..mi sono sbagliata"" dal disastro #lombardia √®  tutto",B99
75,4,4,1,1,festa: ‚Äúritardi nelle vaccinazioni. fuksas ha rinunciato al progetto dogana‚Äù  link link,B22
80,4,4,1,1,"vaccini, #armi in regalo a chi si inietta una dose: l'iniziativa del west virginia per convincere i no vax link",B373
0,4,4,3,1,"il livello di esasperazione √® alto e domandare se si √® vaccinati o meno sta diventando un'abitudine come chiedere una tazzina di caff√® al bar. si parla sempre di privacy e protezione dei dati personali e poi in tv, te lo chiedono senza problemi. basta no? user user",B216
27,4,4,3,1,"user quello che fa veramente incaxxare √® che in sardegna, pretendevano assolutamente che tutti quelli che arrivavano fossero vaccinati! e loro non di vaccinano?",B20
53,4,4,3,1,"user una domanda, come mai il contatore delle vaccinazioni riporta una cifra di circa un milione di somministrazioni prime dosi in pi√π rispetto alle statistiche ufficiali?",B89
57,4,4,3,1,analista della msnbc ridicolizzato per aver detto che il vaccino e‚Äô sembrato ‚Äúuna ondata di¬†euforia‚Äù link,B45
63,4,4,3,1,marsala: rissa per i vaccini covid clicca per leggere link,B5
76,4,4,3,1,"user user_it user user gentile sig. #calenda, spiace vedere che pur di farsi pubblicit√† lei sia disposto a scendere a cos√¨ bassi livelli. non pu√≤ non capire che la frase ""il vaccino rende liberi"" √® davvero infelice. protesti contro coloro che la utilizzano, non contro chi ne fa notare l'inadeguatezza.",B462
144,4,4,3,1,user_s in austria bloccano abv5300 del vaccino #astrazeneca link,B258
156,4,4,3,1,ma i vip/politici lo sanno che possono fare il vaccino anche senza darci la prova con i selfie? viviamo benissimo anche senza.,B474
192,4,4,3,1,"covid. l'assenza per effetti collaterali da vaccino, √® malattia o infortunio? link",B245
212,4,4,3,1,"user user user solo a parole, usa e gb si sono accaparrate il 250% dei vaccini necessari alla loro popolazione, molti paesi non hanno visto ancora una fiala, astrazeneca prodotto in india non autorizzato in eu",B43
220,4,4,3,1,"user basta guardare i dati uk la delta non √® per nulla la pi√π letale,alpha e beta la surclassano,la beta ha solo percentuale decessi maggiore nel campione tra i vaccinati,ma nel computo generale tra letalit√† pi√π bassa.ü§¶",B452
56,4,4,3,1,"0,5% vaccinati media per tutta l'africa, 15-20% media europa dell'est. perche' temete l'immigrazione? moriranno tutti, no?",B465
13,4,4,3,1,"ravenna, focolaio nella casa di riposo. il coordinatore della rsa: ¬´il 42% dei nostri operatori ha rifiutato il #vaccino. non ci saranno spostamenti o demansionamenti: questo personale √® necessario¬ª user",B496
231,5,5,1,1,deputata no-vax in direzione mare multa in arrivo | bassano link,A755
73,0,1,0,1,"coronavirus: vaccino anti covid-19, √® una ragazza la prima persona italiana a testarlo. ecco dove e come link #meteo via user",A720
122,0,1,0,1,"video - coronavirus, ascierto: ""il tocilizumab funziona, vi spiego perch√®, in autunno partir√† a napoli la sperimentazione di un vaccino"" link",A1360
140,0,1,0,1,"i titoli di stato italiani sono ora (quasi) titoli spazzatura secondo 3 delle 4 agenzie di rating, il pil degli usa √® sceso ai livelli della crisi del 2008 e si prevede che nel secondo semestre quest'effetto sar√† pi√π che quadruplicato. e non √® ancora stato trovato un vaccino...",A890
250,0,1,0,1,"coronavirus video: vaccino, nessuna illusione, la strada √® ancora lunga. ecco le parole di chi lo sta preparando &amp;raquo; link link",A614
291,0,1,0,1,"mentre il #governo #conte #renzi #zingaretti #dimaio #m5s non contiene il #coronavirus, #netanyahu e #israele produrranno il #vaccino, hanno gi un test rapido e monitorano gli infetti col #mossad e se sgarrano galera seria.   link",A1076
342,0,1,0,1,"coronavirus, un vaccino ""jolly"" funziona anche sui macachi  #coronavirusitalia link link",A688
546,0,1,0,1,"mi auguro che user non venga rieletto, anzi, che si ritiri al pi√π presto dalla vita politica. questi non sono tempi da pavidi, da pseudo don abbondio.  #mascherine  #vaccino",A1080
56,0,1,0,1,a oxford azzardano: vaccino pronto in autunno link,A466
245,0,1,0,1,"coronavirus, dalla ripresa al vaccino. l'esperto spiega la fase 2 link",A637
100,0,1,0,1,"dr.ssa concepci√≥n campa huergo, dalla scoperta del vaccino contro la meningite ""b"", alla sviluppo della ricerca scientifica in omeopatia - s.i.m.o.h. link",A784
112,0,1,0,1,"la disinformazione in azione #tg4 isolato il virus ora sara' possibile ricercare una cura. no, non si chiama cura perche' non si cura sta cosa, si chiama #vaccino e serve a prevenirne la diffusione #coronarivus #disinformation",A1003
144,0,1,0,1,antidiplomatico:coronavirus a cuba: in fase di test il vaccino che attiva il sistema immunitario innato link 68,A507
162,0,1,0,1,"il virologo riminese giacomo gorini sul #vaccino per il #coronavirus: ""inizieremo, proprio questa settimana, a testarlo sull‚Äôuomo""  #vaccinocoronavirus #vaccinocovid19 #covid„Éº19  link",A952
8,1,0,1,1,"coronavirus, ""vaccino tra un anno, ci sar√† vera e propria lotta"" link",A616
314,1,0,1,1,di maio: ¬´ora un‚Äôalleanza internazionale per mettere a punto il vaccino¬ª link,A762
346,1,0,1,1,"cos‚Äô√® il vaccino anti pneumococco? a cosa serve e quando farlo? composizione e modalit√† di ...rischi, controindicazioni e risultati. il vaccino anti pneumococco √® il vaccino che serve a prevenire le infezioni da streptococcus pneumoniae (o pneumococco). link",A729
348,1,0,1,1,"bill gates: ""la pago io la produzione del vaccino di oxford"" link",A542
505,1,0,1,1,"coronavirus nel mondo, trump: ""vicini a un vaccino"". in brasile altro giorno nero: quasi 1.300 morti link",A611
579,1,0,1,1,"il bundestag tedesco ieri ha approvato una legge che stabilisce l'obbligo del vaccino contro il morbillo come condizione per iscrivere i bambini all'asilo nido. il 65 per cento ha votato sÔøΩ, in 105 si sono astenuti. unico ad aver votato contro ÔøΩ il partito alleato della lega: afd",A907
649,1,0,1,1,"queste sono parole di chiarezza, ci vuole tanto a capire? il futuro secondo il virologo andrea crisanti (il vaccino non √® certo) link",A1199
701,1,0,1,1,coronavirus: al via la sperimentazione di un vaccino su una donna di 45 anni - altraeta link,A699
20,1,0,1,1,coronavirus: il medical center dell‚Äôuniversit√† di pittsburgh ha sviluppato un primo potenziale vaccino link,A710
85,1,0,1,1,"buonasera, oggi all  conferenza stampa della protezione civile, parlavano di un vaccino quasi imminente.. potrebbe avere relazioni con questo medicinale. interessante anche la teoria sulla morte dei piu' giovani user link",A553
131,1,0,1,1,"la stampa: una societ√† farmaceutica usa: vicini al vaccino, pronti a fare i test sull‚Äôuomo. link  tramite user",A1021
156,1,0,1,1,"teniamo conto i due vaccini al momento in sperimentazione clinica, sono nella fase 1 (la fase clinica √® composta da 3 fasi).  nel caso di moderna therapeutics, ad esempio, solo questa prima fase dovrebbe terminare a giugno 2021.  10/19  link",A1276
183,1,0,1,1,"#coronavirus, si fa pi√π vicina la possibilit√† di un #vaccino. l'azienda #biotech usa moderna avvia la sperimentazione clinica su un piccolo numero di persone. la cina avvia i test sugli animali, l'australia ha concluso la sperimentazione in laboratorio. link",A384
27,1,0,1,1,non √® l'attesa del vaccino essa stessa il #vaccino ? link,A1114
52,1,0,1,1,bill gates finanzia la creazione di un vaccino per il coronavirus link,A541
72,1,0,1,1,"al supermercato c'erano due che si stavano per menare per accaparrarsi gli ultimi 2 pacchi di farina sullo scaffale. cambiare ""farina"" con ""vaccino"" e avrete la prospettiva del futuro prossimo.",A487
117,1,0,1,1,coronavirus: vaccino e nuovi servizi sanitari link,A721
151,1,0,1,1,"cina, russia, israele. parte la corsa per il vaccino anti-coronavirus - link link",A578
236,1,0,1,1,"coronavirus, parla lo scienziato barese ¬´cos√¨ abbiamo scoperto il vaccino¬ª gambotto¬†dagli usa: ci vorr√† un anno, poi sar√† come l'influenza link",A676
237,1,2,1,1,"ho letto diverse teorie sul virus, che vi riassumo: il virus sta perdendo forza, l' epidemia cessa dopo 70 giorni, il virus √® innocuo o quasi per l'85% della popolazione, chi non si √® ammalato fino ad oggi, quasi sicuramente √® immune, avere il vaccino fra un anno non servir√†.",A845
266,1,2,1,1,le foche: ‚Äúcoronavirus in zona cesarini. andr√† via prima del vaccino‚Äù link,A1030
716,1,2,1,1,"la rivista vaccines ha appena pubblicato un lavoro di ricercatori delluniversit di bari e della regione puglia, dove riportano, i principali risultati del famoso report dellosservatorio epidem. pugliese del 2018 sul vaccino morbillo-parotite-rosolia-varicella (mprv). segue link",A1016
17,1,2,1,1,coronavirus | boris johnson | ‚Äúil vaccino potrebbe non arrivare mai‚Äù link,A604
116,1,2,1,1,il dottor mariano amici presenta ricorso al tar contro l`ordinanza di zigaretti: `vaccinazione antinfluenzale obbligatoria senza nessun valido motivo scientifico` link,A912
142,1,3,1,1,il vaccino contro la varicella pu causare la meningite. link,A942
434,1,3,1,1,user praticamente il ministro ci sta dicendo che fin quando non troveranno il vaccino dobbiamo stare a casa????,A100
581,1,4,1,1,"""dopo i novax, i notrax"" indovinate su quale testata giornalistica hanno coniato il neologismo notrax   appioppato  a chiunque abbia rilevatp  perplessit√†  sulla app immune.",A21
8,1,4,1,1,"user regione marche: liste  per caregiver ad oggi, per i comuni disabili gravi, ancora non aperte, stando al sito della regione, ma  i furbetti del vaccino (es. un avvocato),  sono stati vaccinati nei giorni scorsi pronunciando semplicemente la parola ‚Äúcaregiver‚Äù.",B318
74,1,4,1,1,user le persone che rientrano nelle categorie definite fragili in che modo possono accedere al vaccino prima degli altri?nessuno lo dice!,B382
97,1,4,1,1,"user ma guarda..io mi fido ciecamente dell'operato dell'esercito, difatti ho scritto che approvo la nomina militare per i vaccini. non amo i militari significa che non amo la vita militare..e non credo sia un offesa",B453
249,1,4,1,1,coronavirus | da luned√¨ prenotazione vaccino per over 40 in italia si lavora ai nuovi parametri del monitoraggio seconda dose pfizer | figliulo | ‚Äúmeglio mezzo scudo a pi√π persone che uno intero a meno persone‚Äù ‚Äì live link,B323
12,1,4,1,1,"non una signora che dopo il vaccino se n'√® uscita con ""mah la seconda dose pu fistinu"" cio√® la festa patronale mi piscio addosso",B368
17,1,4,1,1,"user il vaccino per il covid c‚Äô√®, ma quello per la stupidit√† non l‚Äôhanno ancora inventato",B208
32,1,4,1,1,"vaccini covid lombardia, moratti: ‚Äúi pazienti vulnerabili possono aderire con il sito delle poste‚Äù link",B13
60,1,4,1,1,"non credo che sia etico, il comportamento che esclude l‚Äôuso di un  #vaccino  üíâ #sputnik per motivi politici . il dovere della politica √® mettere la vita dei cittadini davanti a qualunque pregiudizio o interesse",B209
74,1,4,1,1,"video #vaccinazioni a #frabosasottana, #cirio: ""ai nostri giovani somministrato pfizer e moderna, la scienza ci dia indicazioni chiare sull'uso dei vaccini"". ""da luned√¨ piemonte zona bianca"" link",B34
681,2,1,2,1,"giuseppi, aspetta disposizioni dalla oms, per introdurre il vaccino obbligatorio, esortato da gates, si rivolge alla commissione eu per decidere a quali strumenti di prestito finanziario ricorrere e aspetta ordini dal fmi e dai crucchi,  per le misure di bilancio da predisporre. link",A826
697,2,1,2,1,"bimbo con #meningite, era vaccinato. dall'asl hanno reso noto che il bambino (colpito dalla meningite b) era vaccinato sia per il meningoccocco di tipo b che c. via alla profilassi link",A543
3,2,1,2,1,"""l'italia sta combattendo ancora, sul piano scientifico, sul vaccino"".  far passare il messaggio che tutto si possa curare con un farmaco.  anche i mali dell'anima.   link",A29
84,4,5,4,1,"prima √® mutato il virus, adesso su twitter mutano anche i vaccini. l'hashtag #astrazeneca diventa #astrazenaca e diventa virale.",B272
158,5,1,5,1,#iorestoacasa ma ricordo il brindisi di #speranza dopo il referendum e #dimaio con i #novax ed i #giletgialli. il #coronavirus non cancella la memoria.,A403
600,5,1,5,1,"coronavirus, la rete dei no vax boicotta il vaccino per il covid19: &amp;laquo;&amp;egrave; tutta una truffa&amp;raquo; link",A666
48,5,1,5,1,user user_iacoboni la met√† dei no-vax che ho tra i contatti √® grillina,B334
2,5,4,5,1,user tanto pure se tutti i fedelissimi del cav. si schierano ciecamente a favore dei vaccini non ci riescono a fare eleggere berlusconi presidente della repubblica. si illudono mentre vendono l'ultima fetta di culo di chi lo aveva votato,B513
39,0,1,1,1,"ma si continui ad aspettare ‚Äúterapia efficace e/o vaccino‚Äù e nel frattempo vedere come va. nel frattempo potrebbe passare un anno, ma dettagli. anzich√© conviverci, dunque, e tornare gradualmente alla normalit√†, si continua a praticare un distanziamento sociale che lascer√†",A1062
44,0,1,1,1,"ma siamo sicuri?  user annuncia obbligo mascherine fino a vaccino.  se solo 1/4 cittadini uscisse quotidianamente nell'anno che manca, occorrerebbero 5,5 miliardi di mascherine chirurgiche usa e getta.  avr√†  pensato a dove trovarle?  legittimo dubbio.",A1063
66,0,1,1,1,"coronavirus: quanto manca al vaccino per il covid-19, l'annuncio link",A718
68,0,1,1,1,a fine aprile cominceranno i test sull'uomo del vaccino anti coronavirus via user link,A464
97,0,1,1,1,come nasce un vaccino ed a che punto siamo per il coronavirus? | | senza linea link,A582
162,0,1,1,1,"user sono quasi sicura che, ora che tutto il pianeta √® stato contagiato e che la ‚Äústrizza‚Äù ce l‚Äôhanno tutti, troveranno in breve una cura per poveri e ricchi. poi arriver√† il vaccino per l‚Äôautunno.",A167
169,0,1,1,1,user user_w user_tonii +++ il governo americano dichiara che il vaccino per il #coronavirus √® gi√† pronto e domani parte la sperimentazione clinica +++ link user user user_grim user user user_masala user user user,A220
216,0,1,1,1,"iss, rezza: ""serve ancora tempo per azzerare i contagi. vaccino? pazienza..."" link",A981
221,0,1,1,1,"vaccino coronavirus, primi test sull`uomo in gran bretagna, partner azienda di pomezia. ai volontari 700 euro link",A1326
303,0,1,1,1,il tentativo del tycoon per l'acquisto in esclusiva del futuro vaccino contro il coronavirus link,A938
366,0,1,1,1,"user per il vaccino bisogna aspettare pi√π di un anno, se tutto va bene!",A272
407,0,1,1,1,welt am sonntag: donald trump ha cercato di avere il vaccino anti-coronavirus in esclusiva per gli stati uniti link,A1371
562,0,1,1,1,"#coronavirus, policlinico milano: con modellazione cellulare piu' veloci verso vaccino link",A383
586,0,1,1,1,"#coronavirus: l‚Äôinfettivologo massimo galli, docente user e dirigente dell‚Äôospedale #sacco di milano, spiega tra quanto capiremo come evolver√† l‚Äôepidemia e a quali farmaci si guarda per un‚Äôalternativa al vaccino.  leggi l‚Äôintervista: link user",A386
637,0,1,1,1,"la pi√π recente variante di quella alternativa √® rappresentata dalla teoria di lui montagnier. secondo questi, premio nobel 2008 per la medicina, il virus sarebbe sfuggito dal laboratorio cinese di wuhan durante un esperimento destinato a produrre un vaccino contro l‚Äôaids",A1012
660,0,1,1,1,"1/2 senza entrare nel merito delle diverse teorie sulla diffusione del virus, quello che emerge unanimemente ÔøΩ che lÔøΩisolamento da solo potrebbe non bastare. potremmo dover aspettare il vaccino. la produzione di macchinari per la rianimazione/ventilazione ÔøΩ  lÔøΩelemento critico.",A448
720,0,1,1,1,"user e se magari, prima del vaccino, arrivasse una cura? non √© la stessa cosa, ma sarebbe una gran cosa. ed √© meno complessa.",A321
725,0,1,1,1,il magnate di #microsoft #billgates ha investito in questa piccola biotech company. i primi test per il #vaccino saranno effettuati su 40 adulti #coronavirus #covid19 link,A921
729,0,1,1,1,"""su terapie e vaccino ad ora niente di sicuro"". intervista a silvio garattini (di l. matarese) link",A42
731,0,1,1,1,il vaccino in arrivo dagli usa. ¬´pronti i test sull‚Äôuomo¬ª link link,A945
732,0,1,1,1,accesso universale al vaccino: sirchia propone francesco come garante link,A475
741,0,1,1,1,"regione lazio ‚Äì obbligatorio per gli over 65 il vaccino contro l`influenza; l‚Äôannuncio dell‚Äôassessore alla sanit√†, alessio d`amato - radiocassinostereo link",A1211
767,0,1,1,1,"coronavirus: ippolito (spallanzani), prima cura farmacologica ma al lavoro su vaccino (2) | agenzia nova link",A716
29,0,1,1,1,"covid-19, allo studio un vaccino che si somministra con un cerotto - il sole 24 ore user link",A734
41,0,1,1,1,live coronavirus ultime notizie in diretta: new york lockdown fino al 13 giugno. trump confida nel vaccino entro l‚Äôanno -  #coronavirus #ultime #notizie  link,A1041
60,0,1,1,1,"coronavirus - financial times: ""in uk forse 41mila morti, pi√π del doppio delle cifre ufficiali"". onu: ""rischio carestia di proporzioni bibliche"". primo ok per test del vaccino su un uomo in germania link",A602
75,0,1,1,1,"diritto al vaccino, c‚Äô√® sempre la ¬´crisi di sanit√† pubblica¬ª link",A769
94,0,1,1,1,‚Äòworld against covid 19‚Äô lanciato piano cooperazione globale per¬†vaccino link,A14
95,0,1,1,1,"user user te lo dicono i virologi che prima di 18 mesi non sar√† pronto il vaccino, che prima di ottobre √® difficile tornare alla normalit√† e che non si pu√≤ escludere l‚Äôondata di ritorno ... fatti due conti e vediamo dove arriviamo.",A219
192,0,1,1,1,trump vuole vaccino tedesco in esclusiva - ultima ora - ansa link,A1290
228,0,1,1,1,"coronavirus, il vaccino-cerotto supera il primo test sui topi link",A656
5,0,1,1,1,"milioni di #migranti senza identitÔøΩ, senza storia sanitaria. senza alcun #vaccino, senza alcun obbligo... #meningite",A1088
21,0,1,1,1,"coronavirus, vaccino ispirato a terapia genica: ‚Äútest su uomo a fine anno‚Äù¬† link",A692
23,0,1,1,1,"(vaccino coronavirus, il ministro speranza firma accordo per 400 milioni di dosi)  playhitmusic - link link",A59
36,0,1,1,1,"prof. massimo  andreoni - direttore uoc malattie infettive policlinico tor vergata, roma i  test  diagnostici  per  la  diagnosi  e il  follow  up - le  terapie  oggi  e  in  futuro - i  tempi  per  la  messa  a  punto  del  vaccino  link link",A1175
59,0,1,1,1,"coronavirus, l'ultima di trump: il vaccino in esclusiva agli usa in cambio di soldi link via user",A661
92,0,1,1,1,"globale vaccino contro il cancro industria 2020 crescita del mercato, tendenze, revenue, share richieste e rapporto di ricerca ‚Äì segrate giornale link",A831
175,0,1,1,1,trump ¬´compra¬ª  in germania il brevetto di un vaccino: un miliardo di dollari (in esclusiva per gli usa) link,A1284
188,0,1,1,1,"coronavirus, al via i test sull‚Äôuomo per il vaccino finanziato da bill gates. chiamato ino-4800, √® sperimentato su 40 volontari link di user",A623
196,0,1,1,1,aspettare che passi. c‚Äô√® chi invoca la pioggia. chi spera nel vento del nord. chi nel  vaccino  o nella provvidenza. mentre facebook elargisce lauree in medicina e i media fanno audience con la paura.  #milano e il #coronavirus visti da oreste pivetta link link,A514
198,0,1,1,1,"i morti sembrano pochi ma stavano meglio prima, i contagiati sono sempre 1500 al giorno e il vaccino non c‚Äô√®. state a distanza, pensate alla salute, non date retta alle idiozie della #meloni e di #salvini e guardate qualche partita di #calcio anni 60",A881
627,0,3,3,1,ma secondo voi che cazzo doveva dire?? uscite vedetevi e moltiplicatevi! cazzo √® una pandemia mondaliale causata da un virus per cui nn esiste  un vaccino...svegliaa #fase2,A1061
105,1,0,0,1,"la canzone ÔøΩun poco di zuccheroÔøΩ ÔøΩ ispirata al vaccino contro la poliomelite. la figlia di robert sherman aveva ricevuto il vaccino e lui chiese se avesse fatto male, ma lei rispose ÔøΩno, mi hanno dato solo una zolletta di zucchero e l'ho ingoiataÔøΩ. #marypoppins",A1000
201,1,0,0,1,"user user avete trovato il vaccino? no, perch√© ci sarebbe una pandemia di un virus molto pericoloso e senza cura n√© vaccino",A150
80,1,0,0,1,"+++#gravina: ""tutti invocano il blocco, lo faccia il #governo, ce lo imponga, io rispetter√≤ sempre le regole. sento dire che dobbiamo aspettare il contagio 0 e il vaccino. in questo modo ci stanno dicendo che non potremo disputare neanche il campionato 2020/2021+++ #seriea",A443
121,1,0,0,1,user un vaccino contro il cancro (hpv) √® efficacissimo e sicurissimo. il 50% dei genitori lo rifiuta per i figli adolescenti,A165
220,1,0,0,1,"xi, 2 mld a oms.vaccino cinese per tutti link",A1373
67,1,2,2,1,"user user l'eccesso di vaccino obbligatorii provo fenomeni radicali di rifiuto, √® naturale.",A266
292,1,4,4,1,#coronavirus  ma l'avr√≤ fatta la vaccinazione ?? link,A361
404,1,4,4,1,questo essere fa schifo. il vaccino in esclusiva? ma vai a fanculo tu e chi ti ha creato.,A1203
108,1,4,4,1,piano vaccini | la preoccupazione dei medici di base | ¬´sui pazienti fragili c'√® il rischio di una giungla delle priorit√†¬ª ‚Äì l'intervista link,B11
150,1,4,4,1,"#piazzapulita intervista di giulia cerino a szlavik janos, infettivologo di budapest, che spiega perch√© il suo paese considera sicuri il vaccino russo e cinese.  link",B259
226,1,4,4,1,"user user user_claudio un virus muta in modo casuale a prescindere dai vaccini, e le varianti pi√π contagiose diventano dominanti. le vaccinazioni sono iniziate in uk in dicembre, link la variante alpha fu scoperta in novembre da campione preso in settembre. link",B343
54,1,4,4,1,"user_2022 ho aprezzato della conferenza stampa di #draghi mes: ‚Äúcon questi tassi di interesse non √® detto che convenga e poi serve per la sanit√†, oggi √® inutile‚Äù. ‚Äúsui vaccini se l‚Äôeuropa far√†, bene, altrimenti si va da soli.",B447
10,1,5,5,1,"roma, deputata no-vax pizzicata a fare la gita di pasquetta a ostia: multata link",A1221
120,2,1,1,1,"ormai siamo quasi a maggio e dicono sempre 18 mesi per il vaccino, mi sa di presa in giro, ci aspetta un‚Äôestate con tintarella effetto museruola. #piazzapulita",A1135
234,2,1,1,1,djokovic a contatto con un positivo al coronavirus. intanto il tennista si dice contrario al vaccino‚Ä¶ link link,A771
304,2,1,1,1,"il governo usa voleva garantirsi l'esclusiva di un vaccino anti-#sarscov2 che la tedesca #curevac sta sviluppando, sarebbe pronto a giugno: ricerca finanz. dal gov. tedesco (+ #billgates) nel fondo cepi di 140 mio ÔøΩ. ora l'azienda ha rifiutato l""offerta"" di #trump. segue",A919
383,2,1,1,1,"coronavirus, professor de donno: ""plasma unico farmaco, √® molto pi√π potente di un vaccino"". e difende ricciardi da attacchi politici - il fatto quotidiano link",A678
88,2,1,1,1,e se ottenessimo un vaccino contro il covid-19 e met√† del paese si rifiutasse di prenderlo? - link link,A793
119,2,1,1,1,"coronavirus, de donno:‚Äòabbiamo il farmaco,il plasma √® pi√π potente del vaccino‚Äô link",A638
181,2,4,4,1,ma quindi il vaccino immunizza? chi si vaccina pu√≤ anche togliere la mascherina e non rispettare la distanza?,B185
216,2,4,4,1,a quanto pare i #vaccini dopo 7-8 mesi iniziano a perdere efficacia. il governo intanto sta meditando di ampliare la validit√† del #greenpass da 9 a 12 mesi. link,B391
48,2,4,4,1,#vaccinicovid   vaccini e rischio trombosi: dimezzare le dosi potrebbe ridurre i rischi link via user,B307
25,2,4,4,1,user user user user_italia qui il contenuto della interrogazione a firma armando siri e alberto bagnai al ministro speranza sui vaccini. link,B252
157,3,1,1,1,"ho la febbre no, mia madre non so che ha scritto sul gruppo di classe-1itori su questo fatto. litigano da ieri discutendo se il vaccino serve o meno. ammazzatemi che faccio prima.",A843
183,3,4,4,1,chiedete a #vaia del vaccino #reithera #spallanzani #domenicain. confidiamo in #giovannabotteri,B271
698,4,1,1,1,"coronavirus, farmindustria: ""un giorno per produrre farmaco, per vaccino mesi"" link",A643
42,4,1,1,1,"oh mamma non sto praticamente pi√π sui social, tra gli esami e la prenotazione dei vaccini per i miei genitori sono veramente in costante ansia in questo periodo",B247
56,4,1,1,1,"lombardia, gi√† 270.170 over 50 hanno prenotato il loro vaccino anti covid: oggi le prime iniezioni link",B116
117,4,1,1,1,le battute sul 5g dopo che fate il vaccino anche meno. avete fracassato le palle,B190
209,4,1,1,1,appena ha saputo che non poteva entrare alla sagra della porchetta o al papeta #salvini si √® vaccinato stamattina a milano - cronaca - ansa link,B175
214,4,1,1,1,"vaccini in sardegna, ieri oltre 13 mila somministrazioni e 60 mila prenotazioni link",B40
9,4,1,1,1,covid-19: cosa succederebbe se il vaccino non uscisse mai? link,A738
259,4,1,1,1,"""si √® aperto anche un conflitto sul vaccino. √® evidente che impadronirsi del vaccino prima degli altri √® un vantaggio competitivo. a questo scandalo si dovrebbe reagire.""  massimo d'alema a #ctcf #stiamoancoraattenti link",A40
39,4,3,3,1,"manifestazione dei ""no green pass"" a milano: circa mille persone sfilano per le vie del centro al grido di ""non sono vaccini, ma sieri assassini"" - il fatto quotidiano link",B3
167,5,1,1,1,"i vecchi su facebook che carlo d‚Äôinghilterra, zingaretti, boris johnson, il principe alberto tutti guariti  i rikki hanno il vaccino gni gni gni massa di analfabeti funzionali voi dovete campare a pane e alici per sempre",A891
4,5,4,4,1,ma se non si fanno le foto appena fatto il vaccino non funziona ?,B311
13,5,4,4,1,anche roberta aveva detto di non parlare di harry perche questa serata era dedicata a louis  voi harries rovinate‚Ä¶ ‚Äî madonna ma tutto bene hai fatto il vaccino  link,B250
73,5,4,4,1,"user c‚Äô√® stata molta politicizzazione in questa epidemia. il vaccino √® diventato merce di scambio di voti, ed √® stato sacrificato il diritto alla salute dei pi√π fragili. questo √® molto triste.",B412
215,5,4,4,1,"non ci capisco pi√π un cazzo.(magari non da ora).il gp durer√† 12 mesi ma l'effetto vaccinazione dura 6 mesi,max 8,senn√≤ perch√® parlare di 3¬∞ e 4¬∞ dose?.vorrei che mi si chiarisse.",B301
15,5,4,4,1,"sondaggio dentro la redacione di  ""la repubblica"" non √® uno scherzo l√¨ son cos√¨.....anche gi√† tutti vaccinati!",B302
67,5,4,4,1,"user ci vorrebbe onest√† intellettuale di non limitare alla "" destra "" le pulsioni no vax di questo paese . erano organici ai 5 stelle  cunial , bonafede , taverna , barillari , conte . nn ricordate nulla ? #lamemoriadelcriceto",B377
22,5,4,4,1,"mentre le #bigpharma registrano guadagni da capogiro, il #wto si incontra per parlare della sospensione dei #brevetti sui #vaccini anti #covid. ecco cosa potrebbe succedere senza un accesso equo ai vaccini #covax #omc #oms link",B369
55,5,4,4,1,le manifestazioni antivax e il green pass link,B287
52,6,4,4,1,voi vi lamentate dei #novax ma al mondo ci sono persone che in tre ordinano una bottiglia di vino da 0.375...  #cuccioli,B380
79,6,4,4,1,"2 vaccini, gb sperimenta immunizzazione",B519
2,6,4,4,1,user insomma ho fatto il vaccino e comincia a farmi molto male il braccio quindi ho messo del ghiaccio √® per questo che rispondo ora scusami,B356
625,0,1,2,1,"user hanno preso gusto a tenerci al guinzaglio. non a caso, intendono prolungare le misure come il distanziamento sociale, anche qualora queste precauzioni non avranno alcuna ragione di persistere. fino al vaccino... vaccino che ha utilit√† preventiva, non di cura delle malattie.",A192
496,0,1,3,1,"se funziona su topi, ratti e macachi a sto punto tanto vale alzare l'asticella evolutiva e testarlo su un fascioleghista! coronavirus, il nuovo vaccino 'jolly' funziona: cos'√® il picovacc link",A1234
641,0,1,3,1,"#agorarai  ‚Ä¢#lopalco: ""quando arriver√† il vaccino potremo tornare a fare la vita di prima""  la libert√† √® ufficialmente in vendita. link",A351
152,0,1,4,1,"#drittoerovescio da quello che ha detto galli, una volta che si dovesse trovare il vaccino e non dovesse essere l'italia, chi avr√† le possibilit√† economiche saranno i primi ad averlo e questo aggrava la nostra posizione e a maggior ragione gli altri tenteranno di affossarci,temo",A398
236,0,1,4,1,giornata iniziata da 13 h e: -user ha scoperto dopo giorni di studi che il vaccino sar√† la soluzione contro il #covid19 -sito #inps in tilt per i soldi citofonare #lucianovangone -odm dichiara inutilizzabili le mascherine della protezione civile #andratuttobene,A824
761,0,1,4,1,#borisjohnson tiene viva la sua teoria di lasciare che il #covid„Éº19 si diffonda in attesa dell'immunit√† di gregge.  burioni: ¬´ non ha senso parlarne perch√© non abbiamo un vaccino e non sappiamo se l‚Äôinfezione conferisce immunit√† ¬ª.  boris ma continui ad essere scemo forte per√≤.,A355
773,0,1,4,1,"user senza la ripresa economica la vita sar√† breve. non si pu√≤ tenere blindata un italia fino al vaccino. almeno fabbriche cantieri e attivit√† commerciali devono riaprire, le altre dove non ci sono le garanzie di sicurezza devono rimanere chiuse ma pagate dallo stato a fondo perduto.",A335
102,0,1,4,1,"justin ha donato oltre 3milioni di dollari per trovare un vaccino per il coronavirus, ha amici nell'industria kpop e si sta tenendo in contatto con loro per ricevere notizie in tempo reale. mi sembra strano che hailey bieber sia cos√¨ mal informata, in ogni caso state esagerando",A988
233,0,1,4,1,"user user user user negare la realt√† col sarcasmo pu√≤ essere, individualmente, un tonico per lo spirito, ma non cambiare i fatti.   le nostre capacit√† tecno-scientifiche si sono rivelate inutili finora. vaccino o cura arriveranno, sicuro, ma quando la pandemia avr√† fatto il suo corso.",A87
97,0,2,1,1,"user_official user non possiamo aspettare un vaccino. si deve tornare alla normalit√†, e basta distanze e mascherine, almeno nelle zone non a rischio e con pochi contagi",A295
188,0,3,1,1,"tra le tante cose,sul web circola la storia degli extracomunitari non colpiti dal covid-19,per via della vaccinazione antitubercolare....altra bufala?",A1281
105,0,4,1,1,"un complimento a tutti gli imbecilli scappati dalla zona rossa, gradite fare una donazione per avere uno spritz su per il culo o per un vaccino? imbecilli, vediamo se finalmente ascoltate ci√≤ che vi viene detto o se apparire e ancora il vostro scopo di vita  #restiamoacasa",A1303
96,1,0,4,1,"di domenica questa √® il mio pensiero....debellare,sconfingere e non imparare a convivere...non esiste vaccino ma tutti proprio tutti assieme per mandare a casa il governovirus, un governo antitaliano, incapace che sta mandando l'italia al collasso.",A759
194,1,3,0,1,"user_naive tieni comunque conto che il covid √® soprattutto una polmonite virale! la spagnola, fu una polmonite virale, che fece una vera strage! da quel periodo ad oggi, sono passati pi√π di 100 anni, ed ancora non esiste un vaccino, contro la polmonite!",A213
1,1,3,0,1,vaccino si o vaccino no nei pazienti oncologici?  #vaccino #influenza #tumori #oncologia link,A1349
255,1,4,5,1,chi √® stefano montanari: curriculum del biologo no vax coronavirus. link,A569
0,1,5,0,1,"considerate le ""camere dell'eco"" nel dibattito, la conclusione √® che su twitter non √® facile scovare (e convincere!) gli incerti, coloro che non sono antivax ma hanno dubbi sui vaccini. su questo, stiamo lavorando a un nuovo paper. grazie ai colleghi di user_fondazione! 5/5",A594
203,1,5,4,1,non mi interessa quale vaccino mi fanno. mi piacciono sia la pfeiffer che la johansson.,B266
106,2,1,0,1,"coronavirus ‚Äì su internet la truffe di sedicenti farmaci anti covid-19: oscurati 4 siti web - ... ricerca di una terapia o un vaccino efficace contro il covid-19, impazza su internet la vendita illegale di sedicenti terapie contro il nuovo coronavirus,¬†...",A603
662,2,1,3,1,"pi√π che del vaccino abbiamo bisogno di una terapia antivirale efficace. n√© per sars, n√© per la mers sono stati preparati vaccini, si √® fatto ricorso agli anticorpi monoclonali e agli anticorpi dei soggetti guariti. una cura si pensa arriver√† entro l‚Äôestate... #covid_19",A1164
189,2,4,1,1,"user user ma lo vogliamo capire che il virus non verr√† sconfitto dai vaccini ,che servono per evitare di prendere il covid in forma lieve o comunque non mortale",B350
85,2,4,1,1,"user_pallina user i vaccini non ti impediscono di contrarre il virus, impediscono teoricamente di avere effetti avversi ad esso.",B500
272,3,0,1,1,i fantastilioni di dosi di vaccino pronti a settembre sono solo accordi per avviare una produzione nel caso il vaccino dovesse essere efficace e sicuro.  e poi dicono che sono gli scienziati a creare confusione #covid_19 #vaccino link,A875
232,3,1,2,1,"""focolai di poliomielite in africa causati da mutazione del ceppo nel vaccino"" link",A22
90,3,4,6,1,"sul mio pianeta ideale,  gli #istigatori alla violenza che nei #mediaspazzatura offendono, minacciano e incitano all'odio, vivrebbero a 666 metri di altezza, con vento forza 4, in punta di piedi su uno spago, in perenne equilibrio instabile.   #telegram #novax link",B207
321,4,0,2,1,"user presto obbligatorio per tutti, e come un un buon paese comunista italiano se nn lo fai perdi il diritto di essere italiano, vaccino solo per gli italiani nn x gli exstra comunitari, viva l'italia",A238
184,4,1,0,1,"#buonapasquaconunafoto presuntuosi ! abbiamo dilaniato, sprecato, rubato e ucciso. era questa la ""civilt√†"" che volevi? l'umanit√† √® divisa e perder√†! c'√® chi vuol comprare il vaccino con esclusiva e chi pensa a sopraffare nelle difficolt√† il vicino. perch√© dovremmo sopravvivere? link",A356
146,4,1,2,1,nel #vaccino antinfluenzale quest'anno c' anche un po' di lattice per arginare il noto virus roccosiffredus. [_c.colombo] link,A1099
107,4,1,2,1,"insieme al vaccino, a un bambino verrebbe iniettato un po 'di colorante invisibile ad occhio nudo ma facilmente visibile con uno speciale filtro per telefono cellulare user user user user_gibilisco user  link",A972
70,4,5,1,1,angela da mondello si √® vaccinata! cos√¨ finiscono i miti!,B488
3,4,5,3,1,"insomma, uk segue israele e vuole introdurre il pass vaccinale per l'accesso a pub, ristoranti, teatri, etc. esenzione solo per ospedali e supermercati.  questi sono i due stati pi√π avanti con le vaccinazioni.   poi non dite che non ve l'avevo detto. link",B48
16,4,5,3,1,...peccato che ora la bottery sia quarantenata in #chinaüá®üá≥ e non si possa vedere la sua faccia visto che aveva detto che l'arrivo del #vaccino #johnsonandjohnson era la svolta per accelerare le vaccinazioniüò¨  #lineanotte,B254
124,5,1,0,1,"anche oggi il circo  lo strappo del 2 giugno. salvini, meloni, gilet, no vax: la destra occupa la piazza  link",A503
544,5,1,0,1,dopo i no vax i no mask user,A774
179,5,1,4,1,"hey, ma la storia del vaccino col virusino che non serve a un cazzo? gi se l scordata, lui e i mentecatti che lhanno votato? link",A840
244,5,3,1,1,user user gli esperti del user mentre fanno il calcolo dell'aumento delle vaccinazioni in friuli. link,B336
86,5,4,1,1,"i #magistrati se ne fottono di anziani e fragili, vogliono i #vaccini per se stessi. una casta pi√π pericolosa di altre.",B366
208,5,4,1,1,"era da un p√≤ che non passavo su twitter ma sto #coronavirusitalla sta a tir√† fuori il meglio di voi. virologhi, novax, fuggitivi, rancorosi, stamo a casa, no uscimo, siete bellissimi.",A801
140,5,4,3,1,"mio padre mi ha salutato questa mattina con ""mi sa che non andremo a venezia il *data mio vaccino*, temo saranno costretti a sospendere astrazeneca.""  l'ottimismo √® il profumo della vita e il buongiorno si vede dal mattino!",B333
49,5,4,3,1,user coglione infame imbroglione ha votato a favore del passaporto vaccinale!!!!  infame lo sai che questo significa che l economia italiana croller√† a picco! perch√© i vaccini in italia non ci sono e non arrivano prima di natale  ! ci√≤ significa che  il turismo italiano √® morto! munez,B294
92,6,4,1,1,"rivolto a chi si riconosce! brutti stronzi! adesso che la lombardia e le regioni di destra sono prime nelle vaccinazioni, non dite pi√π nulla? link",B226
110,6,4,5,1,"le spie non sono solo nei film. lo dimostra la vicenda dell‚Äôufficiale arrestato mentre passava ai russi documenti riservati. atto ostile, dice la farnesina mentre mosca minaccia ritorsioni cio√® l‚Äôespulsione di qualche nostro diplomatico. putin non vende solo vaccini sputnik... link",B345
58,6,5,4,1,tutti gli errori europei sui vaccini - bisognava fare le scelte giuste e restare uniti ma... link,B188
